SimpleJavaApp.java,com.example.SimpleJavaApp,org.pitest.mutationtest.engine.gregor.mutators.MathMutator,add,138,KILLED,com.example.SimpleJavaAppTest.[engine:junit-jupiter]/[class:com.example.SimpleJavaAppTest]/[method:testMainMethod()]
SimpleJavaApp.java,com.example.SimpleJavaApp,org.pitest.mutationtest.engine.gregor.mutators.returns.PrimitiveReturnsMutator,add,138,KILLED,com.example.SimpleJavaAppTest.[engine:junit-jupiter]/[class:com.example.SimpleJavaAppTest]/[method:testMainMethod()]
SimpleJavaApp.java,com.example.SimpleJavaApp,org.pitest.mutationtest.engine.gregor.mutators.MathMutator,areaOfCircle,194,KILLED,com.example.SimpleJavaAppTest.[engine:junit-jupiter]/[class:com.example.SimpleJavaAppTest]/[method:testAreaOfCircle()]
SimpleJavaApp.java,com.example.SimpleJavaApp,org.pitest.mutationtest.engine.gregor.mutators.returns.PrimitiveReturnsMutator,areaOfCircle,194,KILLED,com.example.SimpleJavaAppTest.[engine:junit-jupiter]/[class:com.example.SimpleJavaAppTest]/[method:testAreaOfCircle()]
SimpleJavaApp.java,com.example.SimpleJavaApp,org.pitest.mutationtest.engine.gregor.mutators.MathMutator,areaOfRectangle,195,KILLED,com.example.SimpleJavaAppTest.[engine:junit-jupiter]/[class:com.example.SimpleJavaAppTest]/[method:testAreaOfRectangle()]
SimpleJavaApp.java,com.example.SimpleJavaApp,org.pitest.mutationtest.engine.gregor.mutators.returns.PrimitiveReturnsMutator,areaOfRectangle,195,KILLED,com.example.SimpleJavaAppTest.[engine:junit-jupiter]/[class:com.example.SimpleJavaAppTest]/[method:testAreaOfRectangle()]
SimpleJavaApp.java,com.example.SimpleJavaApp,org.pitest.mutationtest.engine.gregor.mutators.MathMutator,areaOfTriangle,196,KILLED,com.example.SimpleJavaAppTest.[engine:junit-jupiter]/[class:com.example.SimpleJavaAppTest]/[method:testAreaOfTriangle()]
SimpleJavaApp.java,com.example.SimpleJavaApp,org.pitest.mutationtest.engine.gregor.mutators.MathMutator,areaOfTriangle,196,KILLED,com.example.SimpleJavaAppTest.[engine:junit-jupiter]/[class:com.example.SimpleJavaAppTest]/[method:testAreaOfTriangle()]
SimpleJavaApp.java,com.example.SimpleJavaApp,org.pitest.mutationtest.engine.gregor.mutators.returns.PrimitiveReturnsMutator,areaOfTriangle,196,KILLED,com.example.SimpleJavaAppTest.[engine:junit-jupiter]/[class:com.example.SimpleJavaAppTest]/[method:testAreaOfTriangle()]
SimpleJavaApp.java,com.example.SimpleJavaApp,org.pitest.mutationtest.engine.gregor.mutators.VoidMethodCallMutator,basicOperations,25,SURVIVED,none
SimpleJavaApp.java,com.example.SimpleJavaApp,org.pitest.mutationtest.engine.gregor.mutators.VoidMethodCallMutator,basicOperations,26,SURVIVED,none
SimpleJavaApp.java,com.example.SimpleJavaApp,org.pitest.mutationtest.engine.gregor.mutators.VoidMethodCallMutator,basicOperations,28,SURVIVED,none
SimpleJavaApp.java,com.example.SimpleJavaApp,org.pitest.mutationtest.engine.gregor.mutators.VoidMethodCallMutator,basicOperations,31,KILLED,com.example.SimpleJavaAppTest.[engine:junit-jupiter]/[class:com.example.SimpleJavaAppTest]/[method:testMainMethod()]
SimpleJavaApp.java,com.example.SimpleJavaApp,org.pitest.mutationtest.engine.gregor.mutators.VoidMethodCallMutator,basicOperations,32,KILLED,com.example.SimpleJavaAppTest.[engine:junit-jupiter]/[class:com.example.SimpleJavaAppTest]/[method:testMainMethod()]
SimpleJavaApp.java,com.example.SimpleJavaApp,org.pitest.mutationtest.engine.gregor.mutators.VoidMethodCallMutator,basicOperations,33,KILLED,com.example.SimpleJavaAppTest.[engine:junit-jupiter]/[class:com.example.SimpleJavaAppTest]/[method:testMainMethod()]
SimpleJavaApp.java,com.example.SimpleJavaApp,org.pitest.mutationtest.engine.gregor.mutators.VoidMethodCallMutator,basicOperations,34,KILLED,com.example.SimpleJavaAppTest.[engine:junit-jupiter]/[class:com.example.SimpleJavaAppTest]/[method:testMainMethod()]
SimpleJavaApp.java,com.example.SimpleJavaApp,org.pitest.mutationtest.engine.gregor.mutators.VoidMethodCallMutator,basicOperations,35,KILLED,com.example.SimpleJavaAppTest.[engine:junit-jupiter]/[class:com.example.SimpleJavaAppTest]/[method:testMainMethod()]
SimpleJavaApp.java,com.example.SimpleJavaApp,org.pitest.mutationtest.engine.gregor.mutators.VoidMethodCallMutator,basicOperations,36,KILLED,com.example.SimpleJavaAppTest.[engine:junit-jupiter]/[class:com.example.SimpleJavaAppTest]/[method:testMainMethod()]
SimpleJavaApp.java,com.example.SimpleJavaApp,org.pitest.mutationtest.engine.gregor.mutators.VoidMethodCallMutator,basicOperations,37,SURVIVED,none
SimpleJavaApp.java,com.example.SimpleJavaApp,org.pitest.mutationtest.engine.gregor.mutators.VoidMethodCallMutator,basicOperations,40,KILLED,com.example.SimpleJavaAppTest.[engine:junit-jupiter]/[class:com.example.SimpleJavaAppTest]/[method:testMainMethod()]
SimpleJavaApp.java,com.example.SimpleJavaApp,org.pitest.mutationtest.engine.gregor.mutators.VoidMethodCallMutator,basicOperations,41,KILLED,com.example.SimpleJavaAppTest.[engine:junit-jupiter]/[class:com.example.SimpleJavaAppTest]/[method:testMainMethod()]
SimpleJavaApp.java,com.example.SimpleJavaApp,org.pitest.mutationtest.engine.gregor.mutators.VoidMethodCallMutator,basicOperations,42,KILLED,com.example.SimpleJavaAppTest.[engine:junit-jupiter]/[class:com.example.SimpleJavaAppTest]/[method:testMainMethod()]
SimpleJavaApp.java,com.example.SimpleJavaApp,org.pitest.mutationtest.engine.gregor.mutators.VoidMethodCallMutator,basicOperations,43,KILLED,com.example.SimpleJavaAppTest.[engine:junit-jupiter]/[class:com.example.SimpleJavaAppTest]/[method:testMainMethod()]
SimpleJavaApp.java,com.example.SimpleJavaApp,org.pitest.mutationtest.engine.gregor.mutators.VoidMethodCallMutator,basicOperations,44,KILLED,com.example.SimpleJavaAppTest.[engine:junit-jupiter]/[class:com.example.SimpleJavaAppTest]/[method:testMainMethod()]
SimpleJavaApp.java,com.example.SimpleJavaApp,org.pitest.mutationtest.engine.gregor.mutators.VoidMethodCallMutator,basicOperations,45,KILLED,com.example.SimpleJavaAppTest.[engine:junit-jupiter]/[class:com.example.SimpleJavaAppTest]/[method:testMainMethod()]
SimpleJavaApp.java,com.example.SimpleJavaApp,org.pitest.mutationtest.engine.gregor.mutators.VoidMethodCallMutator,basicOperations,46,KILLED,com.example.SimpleJavaAppTest.[engine:junit-jupiter]/[class:com.example.SimpleJavaAppTest]/[method:testMainMethod()]
SimpleJavaApp.java,com.example.SimpleJavaApp,org.pitest.mutationtest.engine.gregor.mutators.VoidMethodCallMutator,basicOperations,47,KILLED,com.example.SimpleJavaAppTest.[engine:junit-jupiter]/[class:com.example.SimpleJavaAppTest]/[method:testMainMethod()]
SimpleJavaApp.java,com.example.SimpleJavaApp,org.pitest.mutationtest.engine.gregor.mutators.VoidMethodCallMutator,basicOperations,50,KILLED,com.example.SimpleJavaAppTest.[engine:junit-jupiter]/[class:com.example.SimpleJavaAppTest]/[method:testMainMethod()]
SimpleJavaApp.java,com.example.SimpleJavaApp,org.pitest.mutationtest.engine.gregor.mutators.VoidMethodCallMutator,basicOperations,51,KILLED,com.example.SimpleJavaAppTest.[engine:junit-jupiter]/[class:com.example.SimpleJavaAppTest]/[method:testMainMethod()]
SimpleJavaApp.java,com.example.SimpleJavaApp,org.pitest.mutationtest.engine.gregor.mutators.VoidMethodCallMutator,basicOperations,52,KILLED,com.example.SimpleJavaAppTest.[engine:junit-jupiter]/[class:com.example.SimpleJavaAppTest]/[method:testMainMethod()]
SimpleJavaApp.java,com.example.SimpleJavaApp,org.pitest.mutationtest.engine.gregor.mutators.VoidMethodCallMutator,basicOperations,53,KILLED,com.example.SimpleJavaAppTest.[engine:junit-jupiter]/[class:com.example.SimpleJavaAppTest]/[method:testMainMethod()]
SimpleJavaApp.java,com.example.SimpleJavaApp,org.pitest.mutationtest.engine.gregor.mutators.VoidMethodCallMutator,basicOperations,54,KILLED,com.example.SimpleJavaAppTest.[engine:junit-jupiter]/[class:com.example.SimpleJavaAppTest]/[method:testMainMethod()]
SimpleJavaApp.java,com.example.SimpleJavaApp,org.pitest.mutationtest.engine.gregor.mutators.VoidMethodCallMutator,basicOperations,55,KILLED,com.example.SimpleJavaAppTest.[engine:junit-jupiter]/[class:com.example.SimpleJavaAppTest]/[method:testMainMethod()]
SimpleJavaApp.java,com.example.SimpleJavaApp,org.pitest.mutationtest.engine.gregor.mutators.VoidMethodCallMutator,basicOperations,56,KILLED,com.example.SimpleJavaAppTest.[engine:junit-jupiter]/[class:com.example.SimpleJavaAppTest]/[method:testMainMethod()]
SimpleJavaApp.java,com.example.SimpleJavaApp,org.pitest.mutationtest.engine.gregor.mutators.VoidMethodCallMutator,basicOperations,57,KILLED,com.example.SimpleJavaAppTest.[engine:junit-jupiter]/[class:com.example.SimpleJavaAppTest]/[method:testMainMethod()]
SimpleJavaApp.java,com.example.SimpleJavaApp,org.pitest.mutationtest.engine.gregor.mutators.VoidMethodCallMutator,basicOperations,60,KILLED,com.example.SimpleJavaAppTest.[engine:junit-jupiter]/[class:com.example.SimpleJavaAppTest]/[method:testMainMethod()]
SimpleJavaApp.java,com.example.SimpleJavaApp,org.pitest.mutationtest.engine.gregor.mutators.VoidMethodCallMutator,basicOperations,61,KILLED,com.example.SimpleJavaAppTest.[engine:junit-jupiter]/[class:com.example.SimpleJavaAppTest]/[method:testMainMethod()]
SimpleJavaApp.java,com.example.SimpleJavaApp,org.pitest.mutationtest.engine.gregor.mutators.VoidMethodCallMutator,basicOperations,64,KILLED,com.example.SimpleJavaAppTest.[engine:junit-jupiter]/[class:com.example.SimpleJavaAppTest]/[method:testMainMethod()]
SimpleJavaApp.java,com.example.SimpleJavaApp,org.pitest.mutationtest.engine.gregor.mutators.VoidMethodCallMutator,basicOperations,65,KILLED,com.example.SimpleJavaAppTest.[engine:junit-jupiter]/[class:com.example.SimpleJavaAppTest]/[method:testMainMethod()]
SimpleJavaApp.java,com.example.SimpleJavaApp,org.pitest.mutationtest.engine.gregor.mutators.VoidMethodCallMutator,basicOperations,66,KILLED,com.example.SimpleJavaAppTest.[engine:junit-jupiter]/[class:com.example.SimpleJavaAppTest]/[method:testMainMethod()]
SimpleJavaApp.java,com.example.SimpleJavaApp,org.pitest.mutationtest.engine.gregor.mutators.VoidMethodCallMutator,basicOperations,69,KILLED,com.example.SimpleJavaAppTest.[engine:junit-jupiter]/[class:com.example.SimpleJavaAppTest]/[method:testMainMethod()]
SimpleJavaApp.java,com.example.SimpleJavaApp,org.pitest.mutationtest.engine.gregor.mutators.VoidMethodCallMutator,basicOperations,72,KILLED,com.example.SimpleJavaAppTest.[engine:junit-jupiter]/[class:com.example.SimpleJavaAppTest]/[method:testMainMethod()]
SimpleJavaApp.java,com.example.SimpleJavaApp,org.pitest.mutationtest.engine.gregor.mutators.VoidMethodCallMutator,basicOperations,73,KILLED,com.example.SimpleJavaAppTest.[engine:junit-jupiter]/[class:com.example.SimpleJavaAppTest]/[method:testMainMethod()]
SimpleJavaApp.java,com.example.SimpleJavaApp,org.pitest.mutationtest.engine.gregor.mutators.VoidMethodCallMutator,basicOperations,76,KILLED,com.example.SimpleJavaAppTest.[engine:junit-jupiter]/[class:com.example.SimpleJavaAppTest]/[method:testMainMethod()]
SimpleJavaApp.java,com.example.SimpleJavaApp,org.pitest.mutationtest.engine.gregor.mutators.VoidMethodCallMutator,basicOperations,77,KILLED,com.example.SimpleJavaAppTest.[engine:junit-jupiter]/[class:com.example.SimpleJavaAppTest]/[method:testMainMethod()]
SimpleJavaApp.java,com.example.SimpleJavaApp,org.pitest.mutationtest.engine.gregor.mutators.VoidMethodCallMutator,basicOperations,78,KILLED,com.example.SimpleJavaAppTest.[engine:junit-jupiter]/[class:com.example.SimpleJavaAppTest]/[method:testMainMethod()]
SimpleJavaApp.java,com.example.SimpleJavaApp,org.pitest.mutationtest.engine.gregor.mutators.VoidMethodCallMutator,basicOperations,79,KILLED,com.example.SimpleJavaAppTest.[engine:junit-jupiter]/[class:com.example.SimpleJavaAppTest]/[method:testMainMethod()]
SimpleJavaApp.java,com.example.SimpleJavaApp,org.pitest.mutationtest.engine.gregor.mutators.VoidMethodCallMutator,basicOperations,80,KILLED,com.example.SimpleJavaAppTest.[engine:junit-jupiter]/[class:com.example.SimpleJavaAppTest]/[method:testMainMethod()]
SimpleJavaApp.java,com.example.SimpleJavaApp,org.pitest.mutationtest.engine.gregor.mutators.VoidMethodCallMutator,basicOperations,81,KILLED,com.example.SimpleJavaAppTest.[engine:junit-jupiter]/[class:com.example.SimpleJavaAppTest]/[method:testMainMethod()]
SimpleJavaApp.java,com.example.SimpleJavaApp,org.pitest.mutationtest.engine.gregor.mutators.VoidMethodCallMutator,basicOperations,82,KILLED,com.example.SimpleJavaAppTest.[engine:junit-jupiter]/[class:com.example.SimpleJavaAppTest]/[method:testMainMethod()]
SimpleJavaApp.java,com.example.SimpleJavaApp,org.pitest.mutationtest.engine.gregor.mutators.VoidMethodCallMutator,basicOperations,83,KILLED,com.example.SimpleJavaAppTest.[engine:junit-jupiter]/[class:com.example.SimpleJavaAppTest]/[method:testMainMethod()]
SimpleJavaApp.java,com.example.SimpleJavaApp,org.pitest.mutationtest.engine.gregor.mutators.VoidMethodCallMutator,basicOperations,86,KILLED,com.example.SimpleJavaAppTest.[engine:junit-jupiter]/[class:com.example.SimpleJavaAppTest]/[method:testMainMethod()]
SimpleJavaApp.java,com.example.SimpleJavaApp,org.pitest.mutationtest.engine.gregor.mutators.VoidMethodCallMutator,basicOperations,87,KILLED,com.example.SimpleJavaAppTest.[engine:junit-jupiter]/[class:com.example.SimpleJavaAppTest]/[method:testMainMethod()]
SimpleJavaApp.java,com.example.SimpleJavaApp,org.pitest.mutationtest.engine.gregor.mutators.VoidMethodCallMutator,basicOperations,88,KILLED,com.example.SimpleJavaAppTest.[engine:junit-jupiter]/[class:com.example.SimpleJavaAppTest]/[method:testMainMethod()]
SimpleJavaApp.java,com.example.SimpleJavaApp,org.pitest.mutationtest.engine.gregor.mutators.VoidMethodCallMutator,basicOperations,91,KILLED,com.example.SimpleJavaAppTest.[engine:junit-jupiter]/[class:com.example.SimpleJavaAppTest]/[method:testMainMethod()]
SimpleJavaApp.java,com.example.SimpleJavaApp,org.pitest.mutationtest.engine.gregor.mutators.VoidMethodCallMutator,basicOperations,92,KILLED,com.example.SimpleJavaAppTest.[engine:junit-jupiter]/[class:com.example.SimpleJavaAppTest]/[method:testMainMethod()]
SimpleJavaApp.java,com.example.SimpleJavaApp,org.pitest.mutationtest.engine.gregor.mutators.VoidMethodCallMutator,basicOperations,93,KILLED,com.example.SimpleJavaAppTest.[engine:junit-jupiter]/[class:com.example.SimpleJavaAppTest]/[method:testMainMethod()]
SimpleJavaApp.java,com.example.SimpleJavaApp,org.pitest.mutationtest.engine.gregor.mutators.VoidMethodCallMutator,basicOperations,94,KILLED,com.example.SimpleJavaAppTest.[engine:junit-jupiter]/[class:com.example.SimpleJavaAppTest]/[method:testMainMethod()]
SimpleJavaApp.java,com.example.SimpleJavaApp,org.pitest.mutationtest.engine.gregor.mutators.VoidMethodCallMutator,basicOperations,97,KILLED,com.example.SimpleJavaAppTest.[engine:junit-jupiter]/[class:com.example.SimpleJavaAppTest]/[method:testMainMethod()]
SimpleJavaApp.java,com.example.SimpleJavaApp,org.pitest.mutationtest.engine.gregor.mutators.VoidMethodCallMutator,basicOperations,98,KILLED,com.example.SimpleJavaAppTest.[engine:junit-jupiter]/[class:com.example.SimpleJavaAppTest]/[method:testMainMethod()]
SimpleJavaApp.java,com.example.SimpleJavaApp,org.pitest.mutationtest.engine.gregor.mutators.VoidMethodCallMutator,basicOperations,99,KILLED,com.example.SimpleJavaAppTest.[engine:junit-jupiter]/[class:com.example.SimpleJavaAppTest]/[method:testMainMethod()]
SimpleJavaApp.java,com.example.SimpleJavaApp,org.pitest.mutationtest.engine.gregor.mutators.VoidMethodCallMutator,basicOperations,100,KILLED,com.example.SimpleJavaAppTest.[engine:junit-jupiter]/[class:com.example.SimpleJavaAppTest]/[method:testMainMethod()]
SimpleJavaApp.java,com.example.SimpleJavaApp,org.pitest.mutationtest.engine.gregor.mutators.VoidMethodCallMutator,basicOperations,103,KILLED,com.example.SimpleJavaAppTest.[engine:junit-jupiter]/[class:com.example.SimpleJavaAppTest]/[method:testMainMethod()]
SimpleJavaApp.java,com.example.SimpleJavaApp,org.pitest.mutationtest.engine.gregor.mutators.VoidMethodCallMutator,basicOperations,104,KILLED,com.example.SimpleJavaAppTest.[engine:junit-jupiter]/[class:com.example.SimpleJavaAppTest]/[method:testMainMethod()]
SimpleJavaApp.java,com.example.SimpleJavaApp,org.pitest.mutationtest.engine.gregor.mutators.VoidMethodCallMutator,basicOperations,107,KILLED,com.example.SimpleJavaAppTest.[engine:junit-jupiter]/[class:com.example.SimpleJavaAppTest]/[method:testMainMethod()]
SimpleJavaApp.java,com.example.SimpleJavaApp,org.pitest.mutationtest.engine.gregor.mutators.VoidMethodCallMutator,basicOperations,108,KILLED,com.example.SimpleJavaAppTest.[engine:junit-jupiter]/[class:com.example.SimpleJavaAppTest]/[method:testMainMethod()]
SimpleJavaApp.java,com.example.SimpleJavaApp,org.pitest.mutationtest.engine.gregor.mutators.VoidMethodCallMutator,basicOperations,111,KILLED,com.example.SimpleJavaAppTest.[engine:junit-jupiter]/[class:com.example.SimpleJavaAppTest]/[method:testMainMethod()]
SimpleJavaApp.java,com.example.SimpleJavaApp,org.pitest.mutationtest.engine.gregor.mutators.VoidMethodCallMutator,basicOperations,112,KILLED,com.example.SimpleJavaAppTest.[engine:junit-jupiter]/[class:com.example.SimpleJavaAppTest]/[method:testMainMethod()]
SimpleJavaApp.java,com.example.SimpleJavaApp,org.pitest.mutationtest.engine.gregor.mutators.VoidMethodCallMutator,basicOperations,113,KILLED,com.example.SimpleJavaAppTest.[engine:junit-jupiter]/[class:com.example.SimpleJavaAppTest]/[method:testMainMethod()]
SimpleJavaApp.java,com.example.SimpleJavaApp,org.pitest.mutationtest.engine.gregor.mutators.VoidMethodCallMutator,basicOperations,114,KILLED,com.example.SimpleJavaAppTest.[engine:junit-jupiter]/[class:com.example.SimpleJavaAppTest]/[method:testMainMethod()]
SimpleJavaApp.java,com.example.SimpleJavaApp,org.pitest.mutationtest.engine.gregor.mutators.VoidMethodCallMutator,basicOperations,117,KILLED,com.example.SimpleJavaAppTest.[engine:junit-jupiter]/[class:com.example.SimpleJavaAppTest]/[method:testMainMethod()]
SimpleJavaApp.java,com.example.SimpleJavaApp,org.pitest.mutationtest.engine.gregor.mutators.VoidMethodCallMutator,basicOperations,120,KILLED,com.example.SimpleJavaAppTest.[engine:junit-jupiter]/[class:com.example.SimpleJavaAppTest]/[method:testMainMethod()]
SimpleJavaApp.java,com.example.SimpleJavaApp,org.pitest.mutationtest.engine.gregor.mutators.VoidMethodCallMutator,basicOperations,121,KILLED,com.example.SimpleJavaAppTest.[engine:junit-jupiter]/[class:com.example.SimpleJavaAppTest]/[method:testMainMethod()]
SimpleJavaApp.java,com.example.SimpleJavaApp,org.pitest.mutationtest.engine.gregor.mutators.VoidMethodCallMutator,basicOperations,122,KILLED,com.example.SimpleJavaAppTest.[engine:junit-jupiter]/[class:com.example.SimpleJavaAppTest]/[method:testMainMethod()]
SimpleJavaApp.java,com.example.SimpleJavaApp,org.pitest.mutationtest.engine.gregor.mutators.returns.PrimitiveReturnsMutator,ceilValue,154,KILLED,com.example.SimpleJavaAppTest.[engine:junit-jupiter]/[class:com.example.SimpleJavaAppTest]/[method:testCeilValue()]
SimpleJavaApp.java,com.example.SimpleJavaApp,org.pitest.mutationtest.engine.gregor.mutators.MathMutator,celsiusToFahrenheit,227,KILLED,com.example.SimpleJavaAppTest.[engine:junit-jupiter]/[class:com.example.SimpleJavaAppTest]/[method:testCelsiusToFahrenheit()]
SimpleJavaApp.java,com.example.SimpleJavaApp,org.pitest.mutationtest.engine.gregor.mutators.MathMutator,celsiusToFahrenheit,227,KILLED,com.example.SimpleJavaAppTest.[engine:junit-jupiter]/[class:com.example.SimpleJavaAppTest]/[method:testCelsiusToFahrenheit()]
SimpleJavaApp.java,com.example.SimpleJavaApp,org.pitest.mutationtest.engine.gregor.mutators.MathMutator,celsiusToFahrenheit,227,KILLED,com.example.SimpleJavaAppTest.[engine:junit-jupiter]/[class:com.example.SimpleJavaAppTest]/[method:testCelsiusToFahrenheit()]
SimpleJavaApp.java,com.example.SimpleJavaApp,org.pitest.mutationtest.engine.gregor.mutators.returns.PrimitiveReturnsMutator,celsiusToFahrenheit,227,KILLED,com.example.SimpleJavaAppTest.[engine:junit-jupiter]/[class:com.example.SimpleJavaAppTest]/[method:testCelsiusToFahrenheit()]
SimpleJavaApp.java,com.example.SimpleJavaApp,org.pitest.mutationtest.engine.gregor.mutators.MathMutator,celsiusToKelvin,229,KILLED,com.example.SimpleJavaAppTest.[engine:junit-jupiter]/[class:com.example.SimpleJavaAppTest]/[method:testCelsiusToKelvin()]
SimpleJavaApp.java,com.example.SimpleJavaApp,org.pitest.mutationtest.engine.gregor.mutators.returns.PrimitiveReturnsMutator,celsiusToKelvin,229,KILLED,com.example.SimpleJavaAppTest.[engine:junit-jupiter]/[class:com.example.SimpleJavaAppTest]/[method:testCelsiusToKelvin()]
SimpleJavaApp.java,com.example.SimpleJavaApp,org.pitest.mutationtest.engine.gregor.mutators.MathMutator,centimetersToInches,218,KILLED,com.example.SimpleJavaAppTest.[engine:junit-jupiter]/[class:com.example.SimpleJavaAppTest]/[method:testCentimetersToInches()]
SimpleJavaApp.java,com.example.SimpleJavaApp,org.pitest.mutationtest.engine.gregor.mutators.MathMutator,centimetersToInches,218,KILLED,com.example.SimpleJavaAppTest.[engine:junit-jupiter]/[class:com.example.SimpleJavaAppTest]/[method:testCentimetersToInches()]
SimpleJavaApp.java,com.example.SimpleJavaApp,org.pitest.mutationtest.engine.gregor.mutators.MathMutator,centimetersToInches,218,KILLED,com.example.SimpleJavaAppTest.[engine:junit-jupiter]/[class:com.example.SimpleJavaAppTest]/[method:testCentimetersToInches()]
SimpleJavaApp.java,com.example.SimpleJavaApp,org.pitest.mutationtest.engine.gregor.mutators.returns.PrimitiveReturnsMutator,centimetersToInches,218,KILLED,com.example.SimpleJavaAppTest.[engine:junit-jupiter]/[class:com.example.SimpleJavaAppTest]/[method:testCentimetersToInches()]
SimpleJavaApp.java,com.example.SimpleJavaApp,org.pitest.mutationtest.engine.gregor.mutators.MathMutator,compoundInterest,172,KILLED,com.example.SimpleJavaAppTest.[engine:junit-jupiter]/[class:com.example.SimpleJavaAppTest]/[method:testCompoundInterest()]
SimpleJavaApp.java,com.example.SimpleJavaApp,org.pitest.mutationtest.engine.gregor.mutators.MathMutator,compoundInterest,172,KILLED,com.example.SimpleJavaAppTest.[engine:junit-jupiter]/[class:com.example.SimpleJavaAppTest]/[method:testCompoundInterest()]
SimpleJavaApp.java,com.example.SimpleJavaApp,org.pitest.mutationtest.engine.gregor.mutators.MathMutator,compoundInterest,172,KILLED,com.example.SimpleJavaAppTest.[engine:junit-jupiter]/[class:com.example.SimpleJavaAppTest]/[method:testCompoundInterest()]
SimpleJavaApp.java,com.example.SimpleJavaApp,org.pitest.mutationtest.engine.gregor.mutators.MathMutator,compoundInterest,172,KILLED,com.example.SimpleJavaAppTest.[engine:junit-jupiter]/[class:com.example.SimpleJavaAppTest]/[method:testCompoundInterest()]
SimpleJavaApp.java,com.example.SimpleJavaApp,org.pitest.mutationtest.engine.gregor.mutators.MathMutator,compoundInterest,173,KILLED,com.example.SimpleJavaAppTest.[engine:junit-jupiter]/[class:com.example.SimpleJavaAppTest]/[method:testCompoundInterest()]
SimpleJavaApp.java,com.example.SimpleJavaApp,org.pitest.mutationtest.engine.gregor.mutators.MathMutator,compoundInterest,173,KILLED,com.example.SimpleJavaAppTest.[engine:junit-jupiter]/[class:com.example.SimpleJavaAppTest]/[method:testCompoundInterest()]
SimpleJavaApp.java,com.example.SimpleJavaApp,org.pitest.mutationtest.engine.gregor.mutators.returns.PrimitiveReturnsMutator,compoundInterest,173,KILLED,com.example.SimpleJavaAppTest.[engine:junit-jupiter]/[class:com.example.SimpleJavaAppTest]/[method:testCompoundInterest()]
SimpleJavaApp.java,com.example.SimpleJavaApp,org.pitest.mutationtest.engine.gregor.mutators.MathMutator,cosine,182,KILLED,com.example.SimpleJavaAppTest.[engine:junit-jupiter]/[class:com.example.SimpleJavaAppTest]/[method:testCosine()]
SimpleJavaApp.java,com.example.SimpleJavaApp,org.pitest.mutationtest.engine.gregor.mutators.MathMutator,cosine,182,KILLED,com.example.SimpleJavaAppTest.[engine:junit-jupiter]/[class:com.example.SimpleJavaAppTest]/[method:testCosine()]
SimpleJavaApp.java,com.example.SimpleJavaApp,org.pitest.mutationtest.engine.gregor.mutators.returns.PrimitiveReturnsMutator,cosine,182,KILLED,com.example.SimpleJavaAppTest.[engine:junit-jupiter]/[class:com.example.SimpleJavaAppTest]/[method:testCosine()]
SimpleJavaApp.java,com.example.SimpleJavaApp,org.pitest.mutationtest.engine.gregor.mutators.returns.PrimitiveReturnsMutator,cubeRoot,156,KILLED,com.example.SimpleJavaAppTest.[engine:junit-jupiter]/[class:com.example.SimpleJavaAppTest]/[method:testMainMethod()]
SimpleJavaApp.java,com.example.SimpleJavaApp,org.pitest.mutationtest.engine.gregor.mutators.MathMutator,daysToHours,296,KILLED,com.example.SimpleJavaAppTest.[engine:junit-jupiter]/[class:com.example.SimpleJavaAppTest]/[method:testDaysToHours()]
SimpleJavaApp.java,com.example.SimpleJavaApp,org.pitest.mutationtest.engine.gregor.mutators.returns.PrimitiveReturnsMutator,daysToHours,296,KILLED,com.example.SimpleJavaAppTest.[engine:junit-jupiter]/[class:com.example.SimpleJavaAppTest]/[method:testDaysToHours()]
SimpleJavaApp.java,com.example.SimpleJavaApp,org.pitest.mutationtest.engine.gregor.mutators.MathMutator,divide,141,KILLED,com.example.SimpleJavaAppTest.[engine:junit-jupiter]/[class:com.example.SimpleJavaAppTest]/[method:testDivide()]
SimpleJavaApp.java,com.example.SimpleJavaApp,org.pitest.mutationtest.engine.gregor.mutators.NegateConditionalsMutator,divide,141,KILLED,com.example.SimpleJavaAppTest.[engine:junit-jupiter]/[class:com.example.SimpleJavaAppTest]/[method:testDivide()]
SimpleJavaApp.java,com.example.SimpleJavaApp,org.pitest.mutationtest.engine.gregor.mutators.returns.PrimitiveReturnsMutator,divide,141,KILLED,com.example.SimpleJavaAppTest.[engine:junit-jupiter]/[class:com.example.SimpleJavaAppTest]/[method:testDivide()]
SimpleJavaApp.java,com.example.SimpleJavaApp,org.pitest.mutationtest.engine.gregor.mutators.returns.PrimitiveReturnsMutator,exponentiate,148,KILLED,com.example.SimpleJavaAppTest.[engine:junit-jupiter]/[class:com.example.SimpleJavaAppTest]/[method:testMainMethod()]
SimpleJavaApp.java,com.example.SimpleJavaApp,org.pitest.mutationtest.engine.gregor.mutators.MathMutator,factorial,163,KILLED,com.example.SimpleJavaAppTest.[engine:junit-jupiter]/[class:com.example.SimpleJavaAppTest]/[method:testFactorial()]
SimpleJavaApp.java,com.example.SimpleJavaApp,org.pitest.mutationtest.engine.gregor.mutators.MathMutator,factorial,163,KILLED,com.example.SimpleJavaAppTest.[engine:junit-jupiter]/[class:com.example.SimpleJavaAppTest]/[method:testFactorial()]
SimpleJavaApp.java,com.example.SimpleJavaApp,org.pitest.mutationtest.engine.gregor.mutators.NegateConditionalsMutator,factorial,163,KILLED,com.example.SimpleJavaAppTest.[engine:junit-jupiter]/[class:com.example.SimpleJavaAppTest]/[method:testFactorial()]
SimpleJavaApp.java,com.example.SimpleJavaApp,org.pitest.mutationtest.engine.gregor.mutators.returns.PrimitiveReturnsMutator,factorial,163,KILLED,com.example.SimpleJavaAppTest.[engine:junit-jupiter]/[class:com.example.SimpleJavaAppTest]/[method:testFactorial()]
SimpleJavaApp.java,com.example.SimpleJavaApp,org.pitest.mutationtest.engine.gregor.mutators.MathMutator,fahrenheitToCelsius,228,KILLED,com.example.SimpleJavaAppTest.[engine:junit-jupiter]/[class:com.example.SimpleJavaAppTest]/[method:testFahrenheitToCelsius()]
SimpleJavaApp.java,com.example.SimpleJavaApp,org.pitest.mutationtest.engine.gregor.mutators.MathMutator,fahrenheitToCelsius,228,KILLED,com.example.SimpleJavaAppTest.[engine:junit-jupiter]/[class:com.example.SimpleJavaAppTest]/[method:testFahrenheitToCelsius()]
SimpleJavaApp.java,com.example.SimpleJavaApp,org.pitest.mutationtest.engine.gregor.mutators.MathMutator,fahrenheitToCelsius,228,KILLED,com.example.SimpleJavaAppTest.[engine:junit-jupiter]/[class:com.example.SimpleJavaAppTest]/[method:testFahrenheitToCelsius()]
SimpleJavaApp.java,com.example.SimpleJavaApp,org.pitest.mutationtest.engine.gregor.mutators.returns.PrimitiveReturnsMutator,fahrenheitToCelsius,228,KILLED,com.example.SimpleJavaAppTest.[engine:junit-jupiter]/[class:com.example.SimpleJavaAppTest]/[method:testFahrenheitToCelsius()]
SimpleJavaApp.java,com.example.SimpleJavaApp,org.pitest.mutationtest.engine.gregor.mutators.returns.PrimitiveReturnsMutator,floorValue,155,KILLED,com.example.SimpleJavaAppTest.[engine:junit-jupiter]/[class:com.example.SimpleJavaAppTest]/[method:testFloorValue()]
SimpleJavaApp.java,com.example.SimpleJavaApp,org.pitest.mutationtest.engine.gregor.mutators.MathMutator,futureValueOfInvestment,277,KILLED,com.example.SimpleJavaAppTest.[engine:junit-jupiter]/[class:com.example.SimpleJavaAppTest]/[method:testFutureValueOfInvestment()]
SimpleJavaApp.java,com.example.SimpleJavaApp,org.pitest.mutationtest.engine.gregor.mutators.MathMutator,futureValueOfInvestment,277,KILLED,com.example.SimpleJavaAppTest.[engine:junit-jupiter]/[class:com.example.SimpleJavaAppTest]/[method:testFutureValueOfInvestment()]
SimpleJavaApp.java,com.example.SimpleJavaApp,org.pitest.mutationtest.engine.gregor.mutators.MathMutator,futureValueOfInvestment,277,KILLED,com.example.SimpleJavaAppTest.[engine:junit-jupiter]/[class:com.example.SimpleJavaAppTest]/[method:testFutureValueOfInvestment()]
SimpleJavaApp.java,com.example.SimpleJavaApp,org.pitest.mutationtest.engine.gregor.mutators.returns.PrimitiveReturnsMutator,futureValueOfInvestment,277,KILLED,com.example.SimpleJavaAppTest.[engine:junit-jupiter]/[class:com.example.SimpleJavaAppTest]/[method:testFutureValueOfInvestment()]
SimpleJavaApp.java,com.example.SimpleJavaApp,org.pitest.mutationtest.engine.gregor.mutators.VoidMethodCallMutator,getIntegerInput,128,SURVIVED,none
SimpleJavaApp.java,com.example.SimpleJavaApp,org.pitest.mutationtest.engine.gregor.mutators.VoidMethodCallMutator,getIntegerInput,131,SURVIVED,none
SimpleJavaApp.java,com.example.SimpleJavaApp,org.pitest.mutationtest.engine.gregor.mutators.returns.PrimitiveReturnsMutator,getIntegerInput,129,KILLED,com.example.SimpleJavaAppTest.[engine:junit-jupiter]/[class:com.example.SimpleJavaAppTest]/[method:testGetIntegerInput()]
SimpleJavaApp.java,com.example.SimpleJavaApp,org.pitest.mutationtest.engine.gregor.mutators.MathMutator,hoursToDays,299,KILLED,com.example.SimpleJavaAppTest.[engine:junit-jupiter]/[class:com.example.SimpleJavaAppTest]/[method:testHoursToDays()]
SimpleJavaApp.java,com.example.SimpleJavaApp,org.pitest.mutationtest.engine.gregor.mutators.returns.PrimitiveReturnsMutator,hoursToDays,299,KILLED,com.example.SimpleJavaAppTest.[engine:junit-jupiter]/[class:com.example.SimpleJavaAppTest]/[method:testHoursToDays()]
SimpleJavaApp.java,com.example.SimpleJavaApp,org.pitest.mutationtest.engine.gregor.mutators.MathMutator,hoursToMinutes,289,KILLED,com.example.SimpleJavaAppTest.[engine:junit-jupiter]/[class:com.example.SimpleJavaAppTest]/[method:testHoursToMinutes()]
SimpleJavaApp.java,com.example.SimpleJavaApp,org.pitest.mutationtest.engine.gregor.mutators.returns.PrimitiveReturnsMutator,hoursToMinutes,289,KILLED,com.example.SimpleJavaAppTest.[engine:junit-jupiter]/[class:com.example.SimpleJavaAppTest]/[method:testHoursToMinutes()]
SimpleJavaApp.java,com.example.SimpleJavaApp,org.pitest.mutationtest.engine.gregor.mutators.MathMutator,inchesToCentimeters,216,KILLED,com.example.SimpleJavaAppTest.[engine:junit-jupiter]/[class:com.example.SimpleJavaAppTest]/[method:testInchesToCentimeters()]
SimpleJavaApp.java,com.example.SimpleJavaApp,org.pitest.mutationtest.engine.gregor.mutators.returns.PrimitiveReturnsMutator,inchesToCentimeters,216,KILLED,com.example.SimpleJavaAppTest.[engine:junit-jupiter]/[class:com.example.SimpleJavaAppTest]/[method:testInchesToCentimeters()]
SimpleJavaApp.java,com.example.SimpleJavaApp,org.pitest.mutationtest.engine.gregor.mutators.MathMutator,kelvinToCelsius,230,KILLED,com.example.SimpleJavaAppTest.[engine:junit-jupiter]/[class:com.example.SimpleJavaAppTest]/[method:testKelvinToCelsius()]
SimpleJavaApp.java,com.example.SimpleJavaApp,org.pitest.mutationtest.engine.gregor.mutators.returns.PrimitiveReturnsMutator,kelvinToCelsius,230,KILLED,com.example.SimpleJavaAppTest.[engine:junit-jupiter]/[class:com.example.SimpleJavaAppTest]/[method:testKelvinToCelsius()]
SimpleJavaApp.java,com.example.SimpleJavaApp,org.pitest.mutationtest.engine.gregor.mutators.MathMutator,kilogramsToGrams,225,KILLED,com.example.SimpleJavaAppTest.[engine:junit-jupiter]/[class:com.example.SimpleJavaAppTest]/[method:testKilogramsToGrams()]
SimpleJavaApp.java,com.example.SimpleJavaApp,org.pitest.mutationtest.engine.gregor.mutators.returns.PrimitiveReturnsMutator,kilogramsToGrams,225,KILLED,com.example.SimpleJavaAppTest.[engine:junit-jupiter]/[class:com.example.SimpleJavaAppTest]/[method:testKilogramsToGrams()]
SimpleJavaApp.java,com.example.SimpleJavaApp,org.pitest.mutationtest.engine.gregor.mutators.MathMutator,kilogramsToPounds,211,KILLED,com.example.SimpleJavaAppTest.[engine:junit-jupiter]/[class:com.example.SimpleJavaAppTest]/[method:testKilogramsToPounds()]
SimpleJavaApp.java,com.example.SimpleJavaApp,org.pitest.mutationtest.engine.gregor.mutators.returns.PrimitiveReturnsMutator,kilogramsToPounds,211,KILLED,com.example.SimpleJavaAppTest.[engine:junit-jupiter]/[class:com.example.SimpleJavaAppTest]/[method:testKilogramsToPounds()]
SimpleJavaApp.java,com.example.SimpleJavaApp,org.pitest.mutationtest.engine.gregor.mutators.MathMutator,kilometersToMiles,214,KILLED,com.example.SimpleJavaAppTest.[engine:junit-jupiter]/[class:com.example.SimpleJavaAppTest]/[method:testKilometersToMiles()]
SimpleJavaApp.java,com.example.SimpleJavaApp,org.pitest.mutationtest.engine.gregor.mutators.returns.PrimitiveReturnsMutator,kilometersToMiles,214,KILLED,com.example.SimpleJavaAppTest.[engine:junit-jupiter]/[class:com.example.SimpleJavaAppTest]/[method:testKilometersToMiles()]
SimpleJavaApp.java,com.example.SimpleJavaApp,org.pitest.mutationtest.engine.gregor.mutators.MathMutator,kmphToMph,231,KILLED,com.example.SimpleJavaAppTest.[engine:junit-jupiter]/[class:com.example.SimpleJavaAppTest]/[method:testKmphToMph()]
SimpleJavaApp.java,com.example.SimpleJavaApp,org.pitest.mutationtest.engine.gregor.mutators.returns.PrimitiveReturnsMutator,kmphToMph,231,KILLED,com.example.SimpleJavaAppTest.[engine:junit-jupiter]/[class:com.example.SimpleJavaAppTest]/[method:testKmphToMph()]
SimpleJavaApp.java,com.example.SimpleJavaApp,org.pitest.mutationtest.engine.gregor.mutators.ConditionalsBoundaryMutator,logBaseE,152,KILLED,com.example.SimpleJavaAppTest.[engine:junit-jupiter]/[class:com.example.SimpleJavaAppTest]/[method:testLogBaseE()]
SimpleJavaApp.java,com.example.SimpleJavaApp,org.pitest.mutationtest.engine.gregor.mutators.NegateConditionalsMutator,logBaseE,152,KILLED,com.example.SimpleJavaAppTest.[engine:junit-jupiter]/[class:com.example.SimpleJavaAppTest]/[method:testLogBaseE()]
SimpleJavaApp.java,com.example.SimpleJavaApp,org.pitest.mutationtest.engine.gregor.mutators.returns.PrimitiveReturnsMutator,logBaseE,152,KILLED,com.example.SimpleJavaAppTest.[engine:junit-jupiter]/[class:com.example.SimpleJavaAppTest]/[method:testLogBaseE()]
SimpleJavaApp.java,com.example.SimpleJavaApp,org.pitest.mutationtest.engine.gregor.mutators.MathMutator,logarithmBase2,260,KILLED,com.example.SimpleJavaAppTest.[engine:junit-jupiter]/[class:com.example.SimpleJavaAppTest]/[method:testLogarithmBase2()]
SimpleJavaApp.java,com.example.SimpleJavaApp,org.pitest.mutationtest.engine.gregor.mutators.returns.PrimitiveReturnsMutator,logarithmBase2,260,KILLED,com.example.SimpleJavaAppTest.[engine:junit-jupiter]/[class:com.example.SimpleJavaAppTest]/[method:testLogarithmBase2()]
SimpleJavaApp.java,com.example.SimpleJavaApp,org.pitest.mutationtest.engine.gregor.mutators.VoidMethodCallMutator,main,21,KILLED,com.example.SimpleJavaAppTest.[engine:junit-jupiter]/[class:com.example.SimpleJavaAppTest]/[method:testMainMethod()]
SimpleJavaApp.java,com.example.SimpleJavaApp,org.pitest.mutationtest.engine.gregor.mutators.returns.PrimitiveReturnsMutator,maxOfTwo,161,KILLED,com.example.SimpleJavaAppTest.[engine:junit-jupiter]/[class:com.example.SimpleJavaAppTest]/[method:testMaxOfTwo()]
SimpleJavaApp.java,com.example.SimpleJavaApp,org.pitest.mutationtest.engine.gregor.mutators.MathMutator,mean,241,KILLED,com.example.SimpleJavaAppTest.[engine:junit-jupiter]/[class:com.example.SimpleJavaAppTest]/[method:testMean()]
SimpleJavaApp.java,com.example.SimpleJavaApp,org.pitest.mutationtest.engine.gregor.mutators.returns.PrimitiveReturnsMutator,mean,241,KILLED,com.example.SimpleJavaAppTest.[engine:junit-jupiter]/[class:com.example.SimpleJavaAppTest]/[method:testMean()]
SimpleJavaApp.java,com.example.SimpleJavaApp,org.pitest.mutationtest.engine.gregor.mutators.MathMutator,metersToKilometers,210,KILLED,com.example.SimpleJavaAppTest.[engine:junit-jupiter]/[class:com.example.SimpleJavaAppTest]/[method:testMetersToKilometers()]
SimpleJavaApp.java,com.example.SimpleJavaApp,org.pitest.mutationtest.engine.gregor.mutators.returns.PrimitiveReturnsMutator,metersToKilometers,210,KILLED,com.example.SimpleJavaAppTest.[engine:junit-jupiter]/[class:com.example.SimpleJavaAppTest]/[method:testMetersToKilometers()]
SimpleJavaApp.java,com.example.SimpleJavaApp,org.pitest.mutationtest.engine.gregor.mutators.MathMutator,milesToKilometers,215,KILLED,com.example.SimpleJavaAppTest.[engine:junit-jupiter]/[class:com.example.SimpleJavaAppTest]/[method:testMilesToKilometers()]
SimpleJavaApp.java,com.example.SimpleJavaApp,org.pitest.mutationtest.engine.gregor.mutators.returns.PrimitiveReturnsMutator,milesToKilometers,215,KILLED,com.example.SimpleJavaAppTest.[engine:junit-jupiter]/[class:com.example.SimpleJavaAppTest]/[method:testMilesToKilometers()]
SimpleJavaApp.java,com.example.SimpleJavaApp,org.pitest.mutationtest.engine.gregor.mutators.returns.PrimitiveReturnsMutator,minOfTwo,162,KILLED,com.example.SimpleJavaAppTest.[engine:junit-jupiter]/[class:com.example.SimpleJavaAppTest]/[method:testMinOfTwo()]
SimpleJavaApp.java,com.example.SimpleJavaApp,org.pitest.mutationtest.engine.gregor.mutators.MathMutator,minutesToHours,293,KILLED,com.example.SimpleJavaAppTest.[engine:junit-jupiter]/[class:com.example.SimpleJavaAppTest]/[method:testMinutesToHours()]
SimpleJavaApp.java,com.example.SimpleJavaApp,org.pitest.mutationtest.engine.gregor.mutators.returns.PrimitiveReturnsMutator,minutesToHours,293,KILLED,com.example.SimpleJavaAppTest.[engine:junit-jupiter]/[class:com.example.SimpleJavaAppTest]/[method:testMinutesToHours()]
SimpleJavaApp.java,com.example.SimpleJavaApp,org.pitest.mutationtest.engine.gregor.mutators.MathMutator,modulus,146,KILLED,com.example.SimpleJavaAppTest.[engine:junit-jupiter]/[class:com.example.SimpleJavaAppTest]/[method:testModulo()]
SimpleJavaApp.java,com.example.SimpleJavaApp,org.pitest.mutationtest.engine.gregor.mutators.NegateConditionalsMutator,modulus,143,KILLED,com.example.SimpleJavaAppTest.[engine:junit-jupiter]/[class:com.example.SimpleJavaAppTest]/[method:testModulo()]
SimpleJavaApp.java,com.example.SimpleJavaApp,org.pitest.mutationtest.engine.gregor.mutators.returns.PrimitiveReturnsMutator,modulus,146,KILLED,com.example.SimpleJavaAppTest.[engine:junit-jupiter]/[class:com.example.SimpleJavaAppTest]/[method:testModulo()]
SimpleJavaApp.java,com.example.SimpleJavaApp,org.pitest.mutationtest.engine.gregor.mutators.MathMutator,monthlyLoanPayment,268,KILLED,com.example.SimpleJavaAppTest.[engine:junit-jupiter]/[class:com.example.SimpleJavaAppTest]/[method:testMonthlyLoanPayment()]
SimpleJavaApp.java,com.example.SimpleJavaApp,org.pitest.mutationtest.engine.gregor.mutators.MathMutator,monthlyLoanPayment,268,KILLED,com.example.SimpleJavaAppTest.[engine:junit-jupiter]/[class:com.example.SimpleJavaAppTest]/[method:testMonthlyLoanPayment()]
SimpleJavaApp.java,com.example.SimpleJavaApp,org.pitest.mutationtest.engine.gregor.mutators.MathMutator,monthlyLoanPayment,269,KILLED,com.example.SimpleJavaAppTest.[engine:junit-jupiter]/[class:com.example.SimpleJavaAppTest]/[method:testMonthlyLoanPayment()]
SimpleJavaApp.java,com.example.SimpleJavaApp,org.pitest.mutationtest.engine.gregor.mutators.MathMutator,monthlyLoanPayment,269,KILLED,com.example.SimpleJavaAppTest.[engine:junit-jupiter]/[class:com.example.SimpleJavaAppTest]/[method:testMonthlyLoanPayment()]
SimpleJavaApp.java,com.example.SimpleJavaApp,org.pitest.mutationtest.engine.gregor.mutators.MathMutator,monthlyLoanPayment,269,KILLED,com.example.SimpleJavaAppTest.[engine:junit-jupiter]/[class:com.example.SimpleJavaAppTest]/[method:testMonthlyLoanPayment()]
SimpleJavaApp.java,com.example.SimpleJavaApp,org.pitest.mutationtest.engine.gregor.mutators.MathMutator,monthlyLoanPayment,269,KILLED,com.example.SimpleJavaAppTest.[engine:junit-jupiter]/[class:com.example.SimpleJavaAppTest]/[method:testMonthlyLoanPayment()]
SimpleJavaApp.java,com.example.SimpleJavaApp,org.pitest.mutationtest.engine.gregor.mutators.MathMutator,monthlyLoanPayment,270,KILLED,com.example.SimpleJavaAppTest.[engine:junit-jupiter]/[class:com.example.SimpleJavaAppTest]/[method:testMonthlyLoanPayment()]
SimpleJavaApp.java,com.example.SimpleJavaApp,org.pitest.mutationtest.engine.gregor.mutators.MathMutator,monthlyLoanPayment,270,KILLED,com.example.SimpleJavaAppTest.[engine:junit-jupiter]/[class:com.example.SimpleJavaAppTest]/[method:testMonthlyLoanPayment()]
SimpleJavaApp.java,com.example.SimpleJavaApp,org.pitest.mutationtest.engine.gregor.mutators.MathMutator,monthlyLoanPayment,272,KILLED,com.example.SimpleJavaAppTest.[engine:junit-jupiter]/[class:com.example.SimpleJavaAppTest]/[method:testMonthlyLoanPayment()]
SimpleJavaApp.java,com.example.SimpleJavaApp,org.pitest.mutationtest.engine.gregor.mutators.MathMutator,monthlyLoanPayment,272,KILLED,com.example.SimpleJavaAppTest.[engine:junit-jupiter]/[class:com.example.SimpleJavaAppTest]/[method:testMonthlyLoanPayment()]
SimpleJavaApp.java,com.example.SimpleJavaApp,org.pitest.mutationtest.engine.gregor.mutators.NegateConditionalsMutator,monthlyLoanPayment,264,KILLED,com.example.SimpleJavaAppTest.[engine:junit-jupiter]/[class:com.example.SimpleJavaAppTest]/[method:testMonthlyLoanPayment()]
SimpleJavaApp.java,com.example.SimpleJavaApp,org.pitest.mutationtest.engine.gregor.mutators.NegateConditionalsMutator,monthlyLoanPayment,264,KILLED,com.example.SimpleJavaAppTest.[engine:junit-jupiter]/[class:com.example.SimpleJavaAppTest]/[method:testMonthlyLoanPayment()]
SimpleJavaApp.java,com.example.SimpleJavaApp,org.pitest.mutationtest.engine.gregor.mutators.returns.PrimitiveReturnsMutator,monthlyLoanPayment,272,KILLED,com.example.SimpleJavaAppTest.[engine:junit-jupiter]/[class:com.example.SimpleJavaAppTest]/[method:testMonthlyLoanPayment()]
SimpleJavaApp.java,com.example.SimpleJavaApp,org.pitest.mutationtest.engine.gregor.mutators.MathMutator,mphToKmph,233,KILLED,com.example.SimpleJavaAppTest.[engine:junit-jupiter]/[class:com.example.SimpleJavaAppTest]/[method:testMphToKmph()]
SimpleJavaApp.java,com.example.SimpleJavaApp,org.pitest.mutationtest.engine.gregor.mutators.MathMutator,mphToKmph,233,KILLED,com.example.SimpleJavaAppTest.[engine:junit-jupiter]/[class:com.example.SimpleJavaAppTest]/[method:testMphToKmph()]
SimpleJavaApp.java,com.example.SimpleJavaApp,org.pitest.mutationtest.engine.gregor.mutators.MathMutator,mphToKmph,233,KILLED,com.example.SimpleJavaAppTest.[engine:junit-jupiter]/[class:com.example.SimpleJavaAppTest]/[method:testMphToKmph()]
SimpleJavaApp.java,com.example.SimpleJavaApp,org.pitest.mutationtest.engine.gregor.mutators.returns.PrimitiveReturnsMutator,mphToKmph,233,KILLED,com.example.SimpleJavaAppTest.[engine:junit-jupiter]/[class:com.example.SimpleJavaAppTest]/[method:testMphToKmph()]
SimpleJavaApp.java,com.example.SimpleJavaApp,org.pitest.mutationtest.engine.gregor.mutators.MathMutator,multiply,140,KILLED,com.example.SimpleJavaAppTest.[engine:junit-jupiter]/[class:com.example.SimpleJavaAppTest]/[method:testMainMethod()]
SimpleJavaApp.java,com.example.SimpleJavaApp,org.pitest.mutationtest.engine.gregor.mutators.returns.PrimitiveReturnsMutator,multiply,140,KILLED,com.example.SimpleJavaAppTest.[engine:junit-jupiter]/[class:com.example.SimpleJavaAppTest]/[method:testMainMethod()]
SimpleJavaApp.java,com.example.SimpleJavaApp,org.pitest.mutationtest.engine.gregor.mutators.ConditionalsBoundaryMutator,netPresentValue,282,KILLED,com.example.SimpleJavaAppTest.[engine:junit-jupiter]/[class:com.example.SimpleJavaAppTest]/[method:testNetPresentValue()]
SimpleJavaApp.java,com.example.SimpleJavaApp,org.pitest.mutationtest.engine.gregor.mutators.MathMutator,netPresentValue,283,KILLED,com.example.SimpleJavaAppTest.[engine:junit-jupiter]/[class:com.example.SimpleJavaAppTest]/[method:testNetPresentValue()]
SimpleJavaApp.java,com.example.SimpleJavaApp,org.pitest.mutationtest.engine.gregor.mutators.MathMutator,netPresentValue,283,KILLED,com.example.SimpleJavaAppTest.[engine:junit-jupiter]/[class:com.example.SimpleJavaAppTest]/[method:testNetPresentValue()]
SimpleJavaApp.java,com.example.SimpleJavaApp,org.pitest.mutationtest.engine.gregor.mutators.MathMutator,netPresentValue,283,KILLED,com.example.SimpleJavaAppTest.[engine:junit-jupiter]/[class:com.example.SimpleJavaAppTest]/[method:testNetPresentValue()]
SimpleJavaApp.java,com.example.SimpleJavaApp,org.pitest.mutationtest.engine.gregor.mutators.MathMutator,netPresentValue,283,KILLED,com.example.SimpleJavaAppTest.[engine:junit-jupiter]/[class:com.example.SimpleJavaAppTest]/[method:testNetPresentValue()]
SimpleJavaApp.java,com.example.SimpleJavaApp,org.pitest.mutationtest.engine.gregor.mutators.NegateConditionalsMutator,netPresentValue,282,KILLED,com.example.SimpleJavaAppTest.[engine:junit-jupiter]/[class:com.example.SimpleJavaAppTest]/[method:testNetPresentValue()]
SimpleJavaApp.java,com.example.SimpleJavaApp,org.pitest.mutationtest.engine.gregor.mutators.returns.PrimitiveReturnsMutator,netPresentValue,285,KILLED,com.example.SimpleJavaAppTest.[engine:junit-jupiter]/[class:com.example.SimpleJavaAppTest]/[method:testNetPresentValue()]
SimpleJavaApp.java,com.example.SimpleJavaApp,org.pitest.mutationtest.engine.gregor.mutators.MathMutator,perimeterOfCircle,200,KILLED,com.example.SimpleJavaAppTest.[engine:junit-jupiter]/[class:com.example.SimpleJavaAppTest]/[method:testPerimeterOfCircle()]
SimpleJavaApp.java,com.example.SimpleJavaApp,org.pitest.mutationtest.engine.gregor.mutators.returns.PrimitiveReturnsMutator,perimeterOfCircle,200,KILLED,com.example.SimpleJavaAppTest.[engine:junit-jupiter]/[class:com.example.SimpleJavaAppTest]/[method:testPerimeterOfCircle()]
SimpleJavaApp.java,com.example.SimpleJavaApp,org.pitest.mutationtest.engine.gregor.mutators.ConditionalsBoundaryMutator,perimeterOfRectangle,202,KILLED,com.example.SimpleJavaAppTest.[engine:junit-jupiter]/[class:com.example.SimpleJavaAppTest]/[method:testPerimeterOfRectangle()]
SimpleJavaApp.java,com.example.SimpleJavaApp,org.pitest.mutationtest.engine.gregor.mutators.ConditionalsBoundaryMutator,perimeterOfRectangle,202,KILLED,com.example.SimpleJavaAppTest.[engine:junit-jupiter]/[class:com.example.SimpleJavaAppTest]/[method:testPerimeterOfRectangle()]
SimpleJavaApp.java,com.example.SimpleJavaApp,org.pitest.mutationtest.engine.gregor.mutators.MathMutator,perimeterOfRectangle,205,KILLED,com.example.SimpleJavaAppTest.[engine:junit-jupiter]/[class:com.example.SimpleJavaAppTest]/[method:testPerimeterOfRectangle()]
SimpleJavaApp.java,com.example.SimpleJavaApp,org.pitest.mutationtest.engine.gregor.mutators.MathMutator,perimeterOfRectangle,205,KILLED,com.example.SimpleJavaAppTest.[engine:junit-jupiter]/[class:com.example.SimpleJavaAppTest]/[method:testPerimeterOfRectangle()]
SimpleJavaApp.java,com.example.SimpleJavaApp,org.pitest.mutationtest.engine.gregor.mutators.NegateConditionalsMutator,perimeterOfRectangle,202,KILLED,com.example.SimpleJavaAppTest.[engine:junit-jupiter]/[class:com.example.SimpleJavaAppTest]/[method:testPerimeterOfRectangle()]
SimpleJavaApp.java,com.example.SimpleJavaApp,org.pitest.mutationtest.engine.gregor.mutators.NegateConditionalsMutator,perimeterOfRectangle,202,KILLED,com.example.SimpleJavaAppTest.[engine:junit-jupiter]/[class:com.example.SimpleJavaAppTest]/[method:testPerimeterOfRectangle()]
SimpleJavaApp.java,com.example.SimpleJavaApp,org.pitest.mutationtest.engine.gregor.mutators.returns.PrimitiveReturnsMutator,perimeterOfRectangle,205,KILLED,com.example.SimpleJavaAppTest.[engine:junit-jupiter]/[class:com.example.SimpleJavaAppTest]/[method:testPerimeterOfRectangle()]
SimpleJavaApp.java,com.example.SimpleJavaApp,org.pitest.mutationtest.engine.gregor.mutators.MathMutator,poundsToKilograms,222,KILLED,com.example.SimpleJavaAppTest.[engine:junit-jupiter]/[class:com.example.SimpleJavaAppTest]/[method:testPoundsToKilograms()]
SimpleJavaApp.java,com.example.SimpleJavaApp,org.pitest.mutationtest.engine.gregor.mutators.MathMutator,poundsToKilograms,222,KILLED,com.example.SimpleJavaAppTest.[engine:junit-jupiter]/[class:com.example.SimpleJavaAppTest]/[method:testPoundsToKilograms()]
SimpleJavaApp.java,com.example.SimpleJavaApp,org.pitest.mutationtest.engine.gregor.mutators.MathMutator,poundsToKilograms,222,KILLED,com.example.SimpleJavaAppTest.[engine:junit-jupiter]/[class:com.example.SimpleJavaAppTest]/[method:testPoundsToKilograms()]
SimpleJavaApp.java,com.example.SimpleJavaApp,org.pitest.mutationtest.engine.gregor.mutators.returns.PrimitiveReturnsMutator,poundsToKilograms,222,KILLED,com.example.SimpleJavaAppTest.[engine:junit-jupiter]/[class:com.example.SimpleJavaAppTest]/[method:testPoundsToKilograms()]
SimpleJavaApp.java,com.example.SimpleJavaApp,org.pitest.mutationtest.engine.gregor.mutators.MathMutator,powerModulo,238,KILLED,com.example.SimpleJavaAppTest.[engine:junit-jupiter]/[class:com.example.SimpleJavaAppTest]/[method:testPowerModulo()]
SimpleJavaApp.java,com.example.SimpleJavaApp,org.pitest.mutationtest.engine.gregor.mutators.returns.PrimitiveReturnsMutator,powerModulo,238,KILLED,com.example.SimpleJavaAppTest.[engine:junit-jupiter]/[class:com.example.SimpleJavaAppTest]/[method:testPowerModulo()]
SimpleJavaApp.java,com.example.SimpleJavaApp,org.pitest.mutationtest.engine.gregor.mutators.MathMutator,randomInRange,158,KILLED,com.example.SimpleJavaAppTest.[engine:junit-jupiter]/[class:com.example.SimpleJavaAppTest]/[method:testRandomInRange()]
SimpleJavaApp.java,com.example.SimpleJavaApp,org.pitest.mutationtest.engine.gregor.mutators.MathMutator,randomInRange,158,SURVIVED,none
SimpleJavaApp.java,com.example.SimpleJavaApp,org.pitest.mutationtest.engine.gregor.mutators.MathMutator,randomInRange,158,SURVIVED,none
SimpleJavaApp.java,com.example.SimpleJavaApp,org.pitest.mutationtest.engine.gregor.mutators.MathMutator,randomInRange,158,KILLED,com.example.SimpleJavaAppTest.[engine:junit-jupiter]/[class:com.example.SimpleJavaAppTest]/[method:testRandomInRange()]
SimpleJavaApp.java,com.example.SimpleJavaApp,org.pitest.mutationtest.engine.gregor.mutators.returns.PrimitiveReturnsMutator,randomInRange,158,KILLED,com.example.SimpleJavaAppTest.[engine:junit-jupiter]/[class:com.example.SimpleJavaAppTest]/[method:testRandomInRange()]
SimpleJavaApp.java,com.example.SimpleJavaApp,org.pitest.mutationtest.engine.gregor.mutators.returns.PrimitiveReturnsMutator,roundOff,153,KILLED,com.example.SimpleJavaAppTest.[engine:junit-jupiter]/[class:com.example.SimpleJavaAppTest]/[method:testRoundOff()]
SimpleJavaApp.java,com.example.SimpleJavaApp,org.pitest.mutationtest.engine.gregor.mutators.MathMutator,simpleInterest,167,KILLED,com.example.SimpleJavaAppTest.[engine:junit-jupiter]/[class:com.example.SimpleJavaAppTest]/[method:testSimpleInterest()]
SimpleJavaApp.java,com.example.SimpleJavaApp,org.pitest.mutationtest.engine.gregor.mutators.MathMutator,simpleInterest,167,KILLED,com.example.SimpleJavaAppTest.[engine:junit-jupiter]/[class:com.example.SimpleJavaAppTest]/[method:testSimpleInterest()]
SimpleJavaApp.java,com.example.SimpleJavaApp,org.pitest.mutationtest.engine.gregor.mutators.MathMutator,simpleInterest,167,KILLED,com.example.SimpleJavaAppTest.[engine:junit-jupiter]/[class:com.example.SimpleJavaAppTest]/[method:testSimpleInterest()]
SimpleJavaApp.java,com.example.SimpleJavaApp,org.pitest.mutationtest.engine.gregor.mutators.MathMutator,simpleInterest,168,KILLED,com.example.SimpleJavaAppTest.[engine:junit-jupiter]/[class:com.example.SimpleJavaAppTest]/[method:testSimpleInterest()]
SimpleJavaApp.java,com.example.SimpleJavaApp,org.pitest.mutationtest.engine.gregor.mutators.MathMutator,simpleInterest,168,KILLED,com.example.SimpleJavaAppTest.[engine:junit-jupiter]/[class:com.example.SimpleJavaAppTest]/[method:testSimpleInterest()]
SimpleJavaApp.java,com.example.SimpleJavaApp,org.pitest.mutationtest.engine.gregor.mutators.returns.PrimitiveReturnsMutator,simpleInterest,168,KILLED,com.example.SimpleJavaAppTest.[engine:junit-jupiter]/[class:com.example.SimpleJavaAppTest]/[method:testSimpleInterest()]
SimpleJavaApp.java,com.example.SimpleJavaApp,org.pitest.mutationtest.engine.gregor.mutators.MathMutator,sine,178,KILLED,com.example.SimpleJavaAppTest.[engine:junit-jupiter]/[class:com.example.SimpleJavaAppTest]/[method:testSine()]
SimpleJavaApp.java,com.example.SimpleJavaApp,org.pitest.mutationtest.engine.gregor.mutators.MathMutator,sine,178,KILLED,com.example.SimpleJavaAppTest.[engine:junit-jupiter]/[class:com.example.SimpleJavaAppTest]/[method:testSine()]
SimpleJavaApp.java,com.example.SimpleJavaApp,org.pitest.mutationtest.engine.gregor.mutators.returns.PrimitiveReturnsMutator,sine,178,KILLED,com.example.SimpleJavaAppTest.[engine:junit-jupiter]/[class:com.example.SimpleJavaAppTest]/[method:testSine()]
SimpleJavaApp.java,com.example.SimpleJavaApp,org.pitest.mutationtest.engine.gregor.mutators.returns.PrimitiveReturnsMutator,sqrt,149,KILLED,com.example.SimpleJavaAppTest.[engine:jqwik]/[class:com.example.SimpleJavaAppTest]/[property:testSqrt(int)]
SimpleJavaApp.java,com.example.SimpleJavaApp,org.pitest.mutationtest.engine.gregor.mutators.returns.PrimitiveReturnsMutator,standardDeviation,250,KILLED,com.example.SimpleJavaAppTest.[engine:junit-jupiter]/[class:com.example.SimpleJavaAppTest]/[method:testStandardDeviation()]
SimpleJavaApp.java,com.example.SimpleJavaApp,org.pitest.mutationtest.engine.gregor.mutators.MathMutator,subtract,139,KILLED,com.example.SimpleJavaAppTest.[engine:junit-jupiter]/[class:com.example.SimpleJavaAppTest]/[method:testMainMethod()]
SimpleJavaApp.java,com.example.SimpleJavaApp,org.pitest.mutationtest.engine.gregor.mutators.returns.PrimitiveReturnsMutator,subtract,139,KILLED,com.example.SimpleJavaAppTest.[engine:junit-jupiter]/[class:com.example.SimpleJavaAppTest]/[method:testMainMethod()]
SimpleJavaApp.java,com.example.SimpleJavaApp,org.pitest.mutationtest.engine.gregor.mutators.MathMutator,sum,255,KILLED,com.example.SimpleJavaAppTest.[engine:junit-jupiter]/[class:com.example.SimpleJavaAppTest]/[method:testMean()]
SimpleJavaApp.java,com.example.SimpleJavaApp,org.pitest.mutationtest.engine.gregor.mutators.returns.PrimitiveReturnsMutator,sum,257,KILLED,com.example.SimpleJavaAppTest.[engine:junit-jupiter]/[class:com.example.SimpleJavaAppTest]/[method:testMean()]
SimpleJavaApp.java,com.example.SimpleJavaApp,org.pitest.mutationtest.engine.gregor.mutators.MathMutator,tangent,186,KILLED,com.example.SimpleJavaAppTest.[engine:junit-jupiter]/[class:com.example.SimpleJavaAppTest]/[method:testTangent()]
SimpleJavaApp.java,com.example.SimpleJavaApp,org.pitest.mutationtest.engine.gregor.mutators.MathMutator,tangent,186,KILLED,com.example.SimpleJavaAppTest.[engine:junit-jupiter]/[class:com.example.SimpleJavaAppTest]/[method:testTangent()]
SimpleJavaApp.java,com.example.SimpleJavaApp,org.pitest.mutationtest.engine.gregor.mutators.returns.PrimitiveReturnsMutator,tangent,186,KILLED,com.example.SimpleJavaAppTest.[engine:junit-jupiter]/[class:com.example.SimpleJavaAppTest]/[method:testTangent()]
SimpleJavaApp.java,com.example.SimpleJavaApp,org.pitest.mutationtest.engine.gregor.mutators.returns.PrimitiveReturnsMutator,toDegrees,191,KILLED,com.example.SimpleJavaAppTest.[engine:junit-jupiter]/[class:com.example.SimpleJavaAppTest]/[method:testToDegrees()]
SimpleJavaApp.java,com.example.SimpleJavaApp,org.pitest.mutationtest.engine.gregor.mutators.returns.PrimitiveReturnsMutator,toRadians,190,KILLED,com.example.SimpleJavaAppTest.[engine:junit-jupiter]/[class:com.example.SimpleJavaAppTest]/[method:testToRadians()]
SimpleJavaApp.java,com.example.SimpleJavaApp,org.pitest.mutationtest.engine.gregor.mutators.MathMutator,variance,246,KILLED,com.example.SimpleJavaAppTest.[engine:junit-jupiter]/[class:com.example.SimpleJavaAppTest]/[method:testVariance()]
SimpleJavaApp.java,com.example.SimpleJavaApp,org.pitest.mutationtest.engine.gregor.mutators.MathMutator,variance,246,KILLED,com.example.SimpleJavaAppTest.[engine:junit-jupiter]/[class:com.example.SimpleJavaAppTest]/[method:testVariance()]
SimpleJavaApp.java,com.example.SimpleJavaApp,org.pitest.mutationtest.engine.gregor.mutators.MathMutator,variance,248,KILLED,com.example.SimpleJavaAppTest.[engine:junit-jupiter]/[class:com.example.SimpleJavaAppTest]/[method:testVariance()]
SimpleJavaApp.java,com.example.SimpleJavaApp,org.pitest.mutationtest.engine.gregor.mutators.returns.PrimitiveReturnsMutator,variance,248,KILLED,com.example.SimpleJavaAppTest.[engine:junit-jupiter]/[class:com.example.SimpleJavaAppTest]/[method:testVariance()]
SimpleJavaApp.java,com.example.SimpleJavaApp,org.pitest.mutationtest.engine.gregor.mutators.MathMutator,volumeOfCone,199,KILLED,com.example.SimpleJavaAppTest.[engine:junit-jupiter]/[class:com.example.SimpleJavaAppTest]/[method:testVolumeOfCone()]
SimpleJavaApp.java,com.example.SimpleJavaApp,org.pitest.mutationtest.engine.gregor.mutators.MathMutator,volumeOfCone,199,KILLED,com.example.SimpleJavaAppTest.[engine:junit-jupiter]/[class:com.example.SimpleJavaAppTest]/[method:testVolumeOfCone()]
SimpleJavaApp.java,com.example.SimpleJavaApp,org.pitest.mutationtest.engine.gregor.mutators.returns.PrimitiveReturnsMutator,volumeOfCone,199,KILLED,com.example.SimpleJavaAppTest.[engine:junit-jupiter]/[class:com.example.SimpleJavaAppTest]/[method:testVolumeOfCone()]
SimpleJavaApp.java,com.example.SimpleJavaApp,org.pitest.mutationtest.engine.gregor.mutators.MathMutator,volumeOfCylinder,198,KILLED,com.example.SimpleJavaAppTest.[engine:junit-jupiter]/[class:com.example.SimpleJavaAppTest]/[method:testVolumeOfCylinder()]
SimpleJavaApp.java,com.example.SimpleJavaApp,org.pitest.mutationtest.engine.gregor.mutators.MathMutator,volumeOfCylinder,198,KILLED,com.example.SimpleJavaAppTest.[engine:junit-jupiter]/[class:com.example.SimpleJavaAppTest]/[method:testVolumeOfCylinder()]
SimpleJavaApp.java,com.example.SimpleJavaApp,org.pitest.mutationtest.engine.gregor.mutators.returns.PrimitiveReturnsMutator,volumeOfCylinder,198,KILLED,com.example.SimpleJavaAppTest.[engine:junit-jupiter]/[class:com.example.SimpleJavaAppTest]/[method:testVolumeOfCylinder()]
SimpleJavaApp.java,com.example.SimpleJavaApp,org.pitest.mutationtest.engine.gregor.mutators.MathMutator,volumeOfSphere,197,KILLED,com.example.SimpleJavaAppTest.[engine:junit-jupiter]/[class:com.example.SimpleJavaAppTest]/[method:testVolumeOfSphere()]
SimpleJavaApp.java,com.example.SimpleJavaApp,org.pitest.mutationtest.engine.gregor.mutators.returns.PrimitiveReturnsMutator,volumeOfSphere,197,KILLED,com.example.SimpleJavaAppTest.[engine:junit-jupiter]/[class:com.example.SimpleJavaAppTest]/[method:testVolumeOfSphere()]
